,Target,AdvTime,AdvLoc,V,Neg,VGram,Adj,Phrasal
0,0,0,0,585,1,8,0,92
1,0,0,0,0,0,7,0,1194
2,0,0,63,0,0,7,0,1193
3,0,0,0,0,0,7,0,1192
4,0,0,0,0,0,7,19,1191
5,0,58,0,0,0,7,0,1190
6,0,0,0,0,0,7,19,1189
7,0,105,0,0,0,7,0,1188
8,0,0,0,0,0,7,0,1187
9,0,0,0,724,0,5,0,1186
10,0,0,0,0,0,7,19,1185
11,0,1,0,1373,0,5,19,1184
12,0,2,0,64,0,5,19,1195
13,0,3,0,970,0,5,19,1183
14,0,11,0,1223,0,5,19,1181
15,0,15,116,555,0,5,0,1180
16,0,15,0,1010,0,8,19,1179
17,0,16,0,1023,0,3,19,1178
18,0,17,0,553,0,5,19,1177
19,0,0,0,91,0,1,0,1176
20,0,25,66,70,0,5,0,1175
21,0,26,0,557,0,5,19,1174
22,0,67,0,0,0,7,0,1173
23,0,29,0,308,0,5,19,1172
24,0,0,0,42,0,5,19,1171
25,0,0,0,9,0,5,0,1182
26,0,0,0,761,0,5,0,1197
27,0,0,0,71,0,5,19,1210
28,0,0,0,69,0,5,19,1198
29,0,0,0,741,0,5,19,1222
30,0,0,0,15,0,5,0,1221
31,0,0,0,16,0,5,0,1220
32,0,0,0,18,0,5,0,1219
33,0,0,0,22,0,5,19,1218
34,0,0,0,29,0,1,19,1217
35,0,103,0,38,0,5,19,1216
36,0,0,0,44,0,5,19,1215
37,0,0,0,57,0,5,19,1214
38,0,0,0,60,0,5,0,1213
39,0,105,0,65,0,5,0,1212
40,0,0,58,79,0,5,0,1223
41,0,0,0,86,0,5,0,1211
42,0,65,0,79,0,5,0,1209
43,0,0,0,1350,0,5,19,1208
44,0,0,15,413,0,8,0,1207
45,0,161,16,754,0,5,0,1206
46,0,0,0,890,0,5,19,1205
47,0,33,0,1354,0,5,19,1204
48,0,161,19,0,0,7,0,1203
49,0,0,19,976,0,8,0,1202
50,0,0,0,0,0,7,19,1201
51,0,0,0,412,0,8,19,1200
52,0,0,22,1269,0,5,0,1199
53,0,0,23,857,0,7,0,1170
54,0,0,24,1008,0,5,19,1196
55,0,161,32,252,0,5,19,1169
56,0,129,34,556,0,5,19,1140
57,0,0,35,1330,0,5,0,1138
58,0,0,0,250,0,8,19,1137
59,0,161,0,138,0,5,0,1136
60,0,0,42,928,0,1,0,1135
61,0,0,46,287,0,9,19,1134
62,0,0,45,1257,0,8,19,1133
63,0,0,47,1328,0,5,19,1132
64,0,0,48,1087,0,5,19,1131
65,0,0,50,1270,0,5,19,1130
66,0,0,0,189,0,0,19,1129
67,0,55,0,42,0,5,0,1128
68,0,105,13,609,1,3,0,1139
69,0,72,0,75,0,5,19,1127
70,0,0,57,1221,0,5,19,1125
71,0,0,60,962,0,5,0,1124
72,0,0,59,1265,0,5,0,1123
73,0,0,64,685,0,8,0,1122
74,0,161,0,94,0,5,0,1121
75,0,37,0,408,0,5,19,1120
76,0,0,0,101,0,5,19,1119
77,0,0,0,349,0,5,19,1118
78,0,0,0,112,0,5,0,1117
79,0,0,122,113,0,5,19,1116
80,0,0,0,773,0,9,0,1115
81,0,0,0,116,0,5,19,1126
82,0,0,0,111,0,5,0,1141
83,0,66,0,423,0,5,19,0
84,0,0,0,1130,0,5,19,1154
85,0,0,0,1305,0,5,19,1142
86,0,0,0,1305,0,5,19,1166
87,0,0,0,376,0,5,19,1165
88,0,160,0,1234,0,8,19,1164
89,0,0,0,0,0,7,19,1163
90,0,0,0,718,0,8,19,1162
91,0,0,0,1147,0,5,0,1161
92,0,0,0,1268,0,8,0,1160
93,0,69,0,97,0,8,0,1159
94,0,70,0,130,0,5,0,1158
95,0,0,0,134,0,2,0,1157
96,0,0,0,137,0,5,0,1156
97,0,0,0,138,0,5,0,1167
98,0,0,0,139,0,5,0,1155
99,0,0,134,150,0,8,19,1153
100,0,0,0,109,0,5,19,1152
101,0,120,0,1316,0,5,19,1151
102,0,0,0,58,0,5,19,1150
103,0,0,0,162,0,5,0,1149
104,0,0,0,166,0,5,0,1148
105,0,0,0,176,0,5,0,1147
106,0,0,0,747,0,8,19,1146
107,0,0,0,195,0,5,0,1145
108,0,0,0,196,0,5,19,1144
109,0,0,0,199,0,3,0,1143
110,0,0,0,199,0,3,19,1168
111,0,123,0,695,0,5,19,1225
112,0,124,0,737,0,5,19,1280
113,0,0,0,414,0,8,19,1226
114,0,0,0,475,0,9,0,1306
115,0,0,0,472,0,8,0,1305
116,0,0,0,1363,0,5,19,1304
117,0,0,0,225,0,8,0,1303
118,0,0,0,226,0,5,19,1302
119,0,0,0,714,0,9,0,1301
120,0,0,0,228,0,5,19,1300
121,0,0,0,180,0,5,0,1299
122,0,18,0,1198,0,5,19,1298
123,0,130,0,243,0,3,19,1297
124,0,0,0,253,0,8,19,1296
125,0,161,0,244,0,5,0,1307
126,0,0,0,245,0,5,19,1295
127,0,0,0,0,0,7,0,1293
128,0,78,0,1138,0,5,19,1292
129,0,79,0,383,0,5,0,0
130,0,79,0,133,0,5,0,0
131,0,79,0,1236,0,5,0,0
132,0,79,0,382,0,8,0,0
133,0,79,0,21,0,8,0,0
134,0,79,0,164,0,8,0,0
135,0,79,28,625,1,4,0,0
136,0,79,9,411,0,5,0,0
137,0,79,0,216,0,5,0,0
138,0,79,0,222,0,5,0,0
139,0,79,0,240,0,5,19,0
140,0,79,0,53,0,5,0,0
141,0,79,0,848,0,1,0,0
142,0,79,0,430,0,5,0,0
143,0,79,0,448,0,5,0,0
144,0,79,0,336,0,7,0,0
145,0,79,0,1330,0,5,19,0
146,0,79,102,0,0,7,0,0
147,0,79,105,541,0,0,0,0
148,0,79,0,510,0,8,0,0
149,0,79,0,640,1,5,19,0
150,0,79,0,704,0,5,0,0
151,0,79,0,4,0,9,0,0
152,0,79,0,849,0,3,0,0
153,0,79,0,855,0,8,0,0
154,0,79,0,1266,0,5,0,0
155,0,79,0,889,0,5,0,0
156,0,79,0,19,0,5,19,0
157,0,79,0,1011,0,5,0,0
158,0,79,0,429,0,8,0,0
159,0,79,0,1057,0,8,0,0
160,0,79,0,1070,0,8,19,0
161,0,79,0,458,0,4,0,0
162,0,79,0,1159,0,8,0,0
163,0,79,0,1245,0,8,0,0
164,0,79,0,1048,0,8,0,0
165,0,79,0,72,0,5,0,0
166,0,79,0,1341,0,5,19,0
167,0,79,0,1349,0,8,0,0
168,0,79,0,1358,0,5,19,0
169,0,79,0,422,0,5,0,0
170,0,79,0,0,0,7,0,0
171,0,79,0,295,0,8,0,0
172,0,79,0,776,0,5,0,0
173,0,79,0,269,0,5,0,0
174,0,79,0,1262,0,5,0,0
175,0,79,0,1067,0,8,0,0
176,0,79,0,474,0,5,0,0
177,0,79,0,431,0,5,0,0
178,0,79,0,1070,0,8,0,0
179,0,79,0,388,0,5,0,0
180,0,79,0,453,0,4,0,0
181,0,79,0,1349,0,8,0,0
182,0,79,0,1077,0,8,0,0
183,0,79,0,390,0,8,0,0
184,0,79,0,381,0,8,0,0
185,0,79,0,755,0,8,0,0
186,0,79,0,1248,0,5,0,0
187,0,79,0,241,0,5,0,0
188,0,79,0,0,0,7,0,0
189,0,79,0,1138,0,5,0,0
190,0,79,0,43,0,5,19,0
191,0,79,0,1026,0,5,0,0
192,0,79,0,686,0,8,0,0
193,0,79,0,711,0,5,0,0
194,0,79,0,245,0,5,0,0
195,0,79,0,467,0,3,0,0
196,0,79,0,865,0,8,0,0
197,0,79,0,1014,0,5,0,0
198,0,79,0,328,0,5,0,0
199,0,79,0,0,0,7,0,0
200,0,79,0,0,0,7,19,0
201,0,79,0,40,0,8,19,0
202,0,79,0,329,0,3,0,0
203,0,79,0,1069,0,8,0,0
204,0,79,0,1071,0,5,0,0
205,0,79,0,1113,0,8,0,0
206,0,80,0,1273,0,5,19,0
207,0,80,0,1069,0,8,19,0
208,0,80,0,328,0,5,19,0
209,0,80,0,2,0,5,19,0
210,0,82,0,330,0,8,19,1291
211,0,83,0,1368,0,5,19,1290
212,0,84,0,1144,0,8,19,1289
213,0,85,0,1171,0,5,0,0
214,0,85,0,712,0,5,19,0
215,0,85,0,1076,0,3,0,0
216,0,85,0,92,0,8,0,0
217,0,85,0,745,0,5,19,0
218,0,85,0,234,0,8,0,0
219,0,85,0,0,0,7,0,0
220,0,85,0,19,0,5,0,0
221,0,85,92,1139,0,5,0,0
222,0,85,103,0,0,7,0,0
223,0,85,103,0,0,7,0,0
224,0,85,0,675,0,5,0,0
225,0,85,0,583,1,1,0,0
226,0,85,0,751,0,5,0,0
227,0,85,0,795,0,2,0,0
228,0,85,0,0,0,7,0,0
229,0,85,0,0,0,7,0,0
230,0,85,0,1072,0,5,0,0
231,0,85,0,1239,0,8,0,0
232,0,85,0,505,0,5,0,0
233,0,85,0,1281,0,5,19,0
234,0,85,0,1378,0,2,0,0
235,0,85,0,549,0,5,0,0
236,0,85,0,1247,0,8,0,0
237,0,85,0,778,0,3,0,0
238,0,85,0,815,0,0,0,0
239,0,85,0,663,0,5,0,0
240,0,85,0,994,0,5,0,0
241,0,85,0,0,0,7,0,0
242,0,85,0,1273,0,5,0,0
243,0,85,0,1,0,8,0,0
244,0,85,0,0,0,7,0,0
245,0,85,0,1071,0,5,0,0
246,0,85,0,436,0,5,0,0
247,0,85,0,440,0,5,0,0
248,0,85,0,0,0,7,0,0
249,0,85,0,1073,0,5,19,0
250,0,85,0,1166,0,5,0,0
251,0,85,0,0,0,7,0,0
252,0,85,0,0,0,7,0,0
253,0,85,0,1068,0,8,0,0
254,0,86,0,1062,0,8,19,1288
255,0,86,0,1072,0,5,19,1287
256,0,87,0,352,0,5,19,1286
257,0,87,0,1059,0,5,0,1285
258,0,88,0,1193,0,5,19,1284
259,0,89,0,214,0,3,19,0
260,0,89,0,43,0,5,19,0
261,0,89,0,380,0,5,19,0
262,0,89,0,907,0,5,19,0
263,0,89,0,0,0,7,19,0
264,0,89,0,901,0,8,19,0
265,0,89,0,756,0,5,19,0
266,0,89,0,425,0,8,19,0
267,0,89,0,650,1,8,19,0
268,0,89,0,0,0,7,19,0
269,0,89,0,0,0,7,19,0
270,0,89,0,1326,0,5,19,0
271,0,89,28,1368,0,5,19,0
272,0,89,0,1080,0,5,19,0
273,0,89,11,1109,0,5,19,0
274,0,89,0,68,0,5,19,0
275,0,89,5,1158,0,8,19,0
276,0,89,0,99,0,8,19,0
277,0,89,0,439,0,8,19,0
278,0,89,0,1056,0,5,19,0
279,0,89,0,335,0,7,19,0
280,0,89,0,700,0,5,19,0
281,0,89,0,470,0,5,19,0
282,0,89,0,0,0,7,19,0
283,0,89,0,693,0,4,19,0
284,0,89,0,273,0,3,19,0
285,0,89,0,1016,0,5,19,0
286,0,89,0,1237,0,5,19,0
287,0,89,0,630,1,5,19,0
288,0,89,0,43,0,5,19,0
289,0,89,0,1078,0,8,0,0
290,0,90,0,67,0,5,19,0
291,0,90,0,614,1,5,19,0
292,0,90,0,1014,0,5,19,0
293,0,90,0,1078,0,8,19,0
294,0,90,0,1025,0,5,19,0
295,0,90,0,77,0,5,19,0
296,0,90,0,1369,0,5,19,0
297,0,90,0,598,1,8,19,0
298,0,90,0,687,0,3,19,0
299,0,90,0,221,0,8,19,0
300,0,90,0,1074,0,5,19,0
301,0,90,0,231,0,8,19,0
302,0,90,0,1142,0,8,19,0
303,0,90,0,1015,0,5,19,0
304,0,90,0,114,0,5,19,0
305,0,90,37,92,0,8,19,0
306,0,90,0,614,1,5,19,0
307,0,90,0,683,0,5,19,0
308,0,90,0,1152,0,5,19,0
309,0,90,0,599,1,8,19,0
310,0,90,0,1345,0,5,19,0
311,0,90,0,1240,0,5,19,0
312,0,90,0,1258,0,5,19,0
313,0,90,0,0,0,7,0,0
314,0,90,0,1348,0,8,0,0
315,0,91,0,1250,0,5,0,1283
316,0,93,0,0,0,7,19,1294
317,0,94,0,953,0,5,19,1309
318,0,94,0,1028,0,5,0,1322
319,0,95,0,213,0,8,19,1310
320,0,97,0,1137,0,9,0,1334
321,0,98,0,1170,0,5,19,1333
322,0,99,0,397,0,5,19,1332
323,0,92,0,717,0,5,0,1331
324,0,101,0,1071,0,5,0,1330
325,0,0,0,257,0,5,0,1329
326,0,0,0,441,0,8,0,1328
327,0,0,0,261,0,4,0,1327
328,0,0,0,526,0,5,19,1326
329,0,0,0,1260,0,5,0,1325
330,0,0,0,400,0,5,19,1324
331,0,0,0,255,0,5,19,1335
332,0,0,0,281,0,5,0,1323
333,0,0,0,601,1,5,0,1321
334,0,0,0,657,1,5,0,1320
335,0,0,0,360,0,0,0,1319
336,0,0,0,283,0,9,0,1318
337,0,0,0,288,0,5,0,1317
338,0,0,0,781,1,3,0,1316
339,0,0,0,293,0,8,0,1315
340,0,0,0,0,0,7,19,1314
341,0,0,68,0,0,7,19,1313
342,0,0,0,834,0,5,0,1312
343,0,0,0,297,0,5,19,1311
344,0,0,0,299,0,5,0,1282
345,0,0,0,300,0,0,19,1308
346,0,105,0,319,0,3,0,1281
347,0,0,0,322,0,8,0,1252
348,0,0,0,1314,0,5,0,1250
349,0,0,0,6,0,8,0,1249
350,0,0,0,333,0,5,0,1248
351,0,0,0,339,0,0,19,1247
352,0,0,0,340,0,3,0,1246
353,0,0,0,344,0,5,19,1245
354,0,161,0,350,0,8,19,1244
355,0,0,0,356,0,5,0,1243
356,0,0,0,362,0,3,19,1242
357,0,161,0,366,0,5,0,1241
358,0,0,0,377,0,8,19,1240
359,0,0,0,540,0,8,19,1251
360,0,0,0,0,0,7,0,1239
361,0,0,0,1174,0,5,19,1237
362,0,0,0,979,0,3,0,1236
363,0,0,0,270,0,5,19,1235
364,0,0,0,511,0,1,0,1234
365,0,0,0,1264,0,5,19,1233
366,0,109,0,1140,0,5,19,0
367,0,109,0,1003,0,5,19,0
368,0,109,0,335,0,7,0,0
369,0,109,0,460,0,4,0,0
370,0,109,0,0,0,7,0,0
371,0,109,0,0,0,7,0,0
372,0,110,0,71,0,5,19,1232
373,0,81,123,1306,0,5,19,1231
374,0,111,0,394,0,8,19,0
375,0,111,0,1210,0,5,19,0
376,0,111,0,326,0,2,0,0
377,0,112,0,570,0,0,19,0
378,0,112,0,445,0,8,19,0
379,0,112,0,1078,0,8,19,0
380,0,112,0,62,0,5,19,0
381,0,112,0,0,0,7,19,0
382,0,112,0,1141,0,3,19,0
383,0,112,0,539,0,5,19,0
384,0,112,0,1025,0,5,19,0
385,0,112,0,545,0,5,19,0
386,0,112,0,1164,0,5,19,0
387,0,113,0,1076,0,3,19,0
388,0,113,0,1274,0,8,19,0
389,0,113,0,328,0,5,19,0
390,0,113,0,327,0,5,19,0
391,0,113,0,1231,0,5,19,0
392,0,113,0,73,0,5,19,0
393,0,115,0,1139,0,5,19,1230
394,0,115,0,1060,0,5,19,1229
395,0,116,0,1366,0,8,19,1228
396,0,117,0,978,0,8,19,1227
397,0,114,136,452,0,7,19,1238
398,0,0,0,777,0,5,0,1253
399,0,0,0,999,0,2,0,1266
400,0,0,0,556,0,5,19,1254
401,0,0,0,1330,0,5,19,1278
402,0,0,0,589,1,5,19,1277
403,0,0,0,282,0,5,19,1276
404,0,0,0,388,0,5,19,1275
405,0,0,0,391,0,8,0,1274
406,0,0,0,391,0,8,19,1273
407,0,0,0,52,0,5,19,1272
408,0,0,0,528,0,5,19,1271
409,0,0,0,396,0,5,0,1270
410,0,105,0,0,0,7,0,1269
411,0,0,0,665,0,5,0,1268
412,0,0,0,1070,0,8,0,1279
413,0,0,0,402,0,5,0,1267
414,0,0,0,406,0,8,0,1265
415,0,0,77,1278,0,8,19,1264
416,0,105,78,0,0,7,0,1263
417,0,72,75,1275,0,5,19,1262
418,0,0,79,1222,0,5,19,1261
419,0,161,80,985,0,5,0,1260
420,0,0,81,191,0,5,19,1259
421,0,0,81,302,0,5,19,1258
422,0,0,76,825,0,5,0,1257
423,0,161,0,1126,0,5,0,1256
424,0,0,0,586,1,5,19,1255
425,0,0,0,409,0,8,0,1114
426,0,0,0,1312,0,5,19,1113
427,0,0,0,95,0,5,0,1112
428,0,0,0,42,0,5,19,1056
429,0,0,0,96,0,3,0,970
430,0,0,0,0,0,7,0,969
431,0,0,0,652,1,5,0,968
432,0,0,0,1238,0,5,19,967
433,0,0,0,416,0,5,0,966
434,0,0,0,424,0,3,19,965
435,0,0,0,0,0,7,0,964
436,0,0,0,437,1,3,0,963
437,0,105,0,0,0,7,0,962
438,0,0,0,1368,0,5,0,961
439,0,0,0,0,0,7,0,960
440,0,0,0,1178,0,5,0,971
441,0,0,0,491,0,3,0,959
442,0,0,0,491,0,3,0,957
443,0,130,0,193,0,5,19,956
444,0,0,0,399,0,5,19,955
445,0,57,0,223,0,5,0,954
446,0,0,0,449,0,5,19,953
447,0,0,0,450,0,5,19,952
448,0,63,0,47,0,5,19,951
449,0,0,0,623,1,4,0,950
450,0,0,0,177,0,5,0,949
451,0,0,0,456,0,4,0,948
452,0,0,0,1276,0,5,19,947
453,0,0,0,464,0,4,0,958
454,0,59,0,567,0,5,0,973
455,0,0,0,597,1,5,0,986
456,0,0,0,473,0,8,0,974
457,0,0,0,476,0,5,19,998
458,0,0,0,1242,0,5,19,997
459,0,140,0,263,0,4,0,996
460,0,0,0,606,1,5,19,995
461,0,0,0,850,0,5,19,994
462,0,161,0,1280,0,8,19,993
463,0,0,0,970,0,5,19,992
464,0,0,0,1359,0,5,19,991
465,0,0,0,478,0,5,19,990
466,0,0,89,1368,0,5,19,989
467,0,0,90,1110,0,8,19,988
468,0,0,84,566,0,5,19,999
469,0,0,85,1232,0,5,19,987
470,0,0,95,42,0,5,19,985
471,0,0,96,736,0,5,19,984
472,0,0,98,0,0,7,19,983
473,0,0,87,1220,0,5,19,982
474,0,0,99,165,0,8,19,981
475,0,0,101,1218,0,5,19,980
476,0,0,104,989,0,5,0,979
477,0,0,107,0,0,7,19,978
478,0,0,108,57,0,5,0,977
479,0,0,109,561,0,8,19,976
480,0,0,110,87,0,5,0,975
481,0,0,0,530,0,8,0,946
482,0,0,0,569,0,8,0,945
483,0,130,0,532,0,5,19,944
484,0,0,113,0,0,7,19,930
485,0,0,114,1072,0,5,19,914
486,0,0,116,774,0,5,0,913
487,0,0,118,535,0,3,19,912
488,0,133,0,764,0,8,0,911
489,0,133,0,444,0,8,0,910
490,0,0,0,758,0,5,19,909
491,0,0,0,481,0,5,19,908
492,0,0,0,905,0,5,0,907
493,0,0,0,490,0,8,19,906
494,0,0,0,494,0,5,0,905
495,0,0,0,498,0,4,0,904
496,0,0,0,501,0,4,19,903
497,0,0,0,515,0,8,0,902
498,0,0,0,442,0,5,0,901
499,0,0,0,518,0,8,0,900
500,0,0,0,531,0,5,19,899
501,0,0,0,539,0,5,0,898
502,0,0,0,543,0,9,0,897
503,0,0,0,553,0,5,19,896
504,0,23,0,553,0,5,19,895
505,0,0,0,554,0,5,19,894
506,0,60,0,555,0,5,19,893
507,0,0,0,555,0,5,19,892
508,0,0,0,556,0,5,19,915
509,0,0,0,558,0,3,19,916
510,0,0,0,558,0,3,0,917
511,0,0,0,564,0,5,19,918
512,0,105,0,571,0,1,0,942
513,0,0,0,572,0,8,0,941
514,0,0,136,575,0,8,0,940
515,0,105,0,576,0,8,0,939
516,0,0,0,579,0,5,0,938
517,0,0,0,582,1,1,0,937
518,0,0,0,584,1,5,19,936
519,0,0,0,588,1,5,0,935
520,0,0,0,590,1,3,0,934
521,0,0,0,602,1,5,0,933
522,0,0,0,604,1,5,0,932
523,0,0,0,604,1,5,0,943
524,0,0,0,605,1,5,0,931
525,0,0,0,606,1,5,19,929
526,0,0,0,1074,0,5,19,928
527,0,0,0,646,1,5,0,927
528,0,0,0,647,1,8,0,926
529,0,0,0,653,1,5,19,925
530,0,0,0,85,0,5,19,924
531,0,161,0,1307,0,7,19,923
532,0,0,0,659,1,9,0,922
533,0,0,0,1310,0,5,0,921
534,0,0,0,466,0,4,0,920
535,0,0,0,660,0,5,19,919
536,0,0,0,661,0,8,19,972
537,0,0,0,1168,0,8,19,1000
538,0,0,0,0,1,7,0,1001
539,0,0,0,1303,0,8,19,1002
540,0,0,0,603,1,5,0,1082
541,0,0,0,604,1,5,0,1081
542,0,0,0,606,1,5,19,1080
543,0,0,0,662,0,9,19,1079
544,0,0,0,665,0,5,19,1078
545,0,0,0,667,0,4,0,1077
546,0,105,0,671,0,4,0,1076
547,0,0,0,1225,0,5,19,1075
548,0,0,0,684,0,3,19,1074
549,0,0,0,1180,0,5,0,1073
550,0,105,0,689,0,5,0,1072
551,0,0,0,185,0,8,19,1083
552,0,0,0,697,0,5,0,1071
553,0,0,0,0,0,7,19,1069
554,0,0,0,17,0,5,0,1068
555,0,0,0,51,0,5,0,1067
556,0,0,0,56,0,5,0,1066
557,0,0,0,195,0,5,19,1065
558,0,0,0,254,0,8,0,1064
559,0,68,0,410,0,8,19,1063
560,0,0,0,642,1,5,0,1062
561,0,0,0,604,1,5,19,1061
562,0,0,0,1212,0,5,0,1060
563,0,0,0,5,0,5,19,1059
564,0,0,0,1321,0,5,0,1070
565,0,0,0,513,0,8,19,1085
566,0,0,0,39,0,5,19,1098
567,0,0,0,57,0,5,19,1086
568,0,0,0,272,0,5,0,1110
569,0,0,0,605,1,5,0,1109
570,0,0,0,605,1,5,0,1108
571,0,0,0,664,0,5,19,1107
572,0,0,0,0,0,7,0,1106
573,0,51,0,772,0,8,0,1105
574,0,0,0,708,0,5,19,1104
575,0,0,0,1345,0,5,19,1103
576,0,0,125,394,0,8,19,1102
577,0,0,0,736,0,5,19,1101
578,0,0,0,737,0,5,19,1100
579,0,0,0,1118,0,5,19,1111
580,0,0,0,673,0,5,19,1099
581,0,130,0,1119,0,5,19,1097
582,0,0,0,740,0,5,0,1096
583,0,0,0,741,0,5,19,1095
584,0,105,0,742,0,8,19,1094
585,0,0,0,1344,0,5,19,1093
586,0,0,0,752,0,5,19,1092
587,0,0,0,753,0,5,0,1091
588,0,161,0,0,0,7,0,1090
589,0,0,0,0,0,7,0,1089
590,0,0,0,763,0,5,0,1088
591,0,105,0,766,0,1,0,1087
592,0,0,0,770,0,1,0,1058
593,0,0,0,488,0,5,19,1084
594,0,0,127,1346,0,5,0,1057
595,0,0,0,852,0,8,0,1028
596,0,0,128,1346,0,5,19,1026
597,0,0,130,477,0,8,19,1025
598,0,0,0,876,0,5,0,1024
599,0,0,0,161,0,5,0,1023
600,0,0,131,312,0,5,0,1022
601,0,0,126,1099,0,5,19,1021
602,0,0,0,1369,0,5,19,1020
603,0,0,0,784,0,5,0,1019
604,0,0,0,793,0,5,0,1018
605,0,0,0,0,0,7,0,1017
606,0,120,0,1070,0,8,19,1016
607,0,0,0,804,0,1,0,1027
608,0,0,0,806,0,0,0,1015
609,0,0,0,807,0,5,19,1013
610,0,0,0,808,0,5,19,1012
611,0,0,0,0,0,7,0,1011
612,0,105,0,824,0,1,0,1010
613,0,0,0,1251,0,8,19,1009
614,0,105,0,842,0,1,0,1008
615,0,0,0,847,0,3,0,1007
616,0,0,0,853,0,5,0,1006
617,0,0,0,220,0,5,19,1005
618,0,0,0,858,0,5,0,1004
619,0,0,0,866,0,5,0,1003
620,0,0,0,867,0,5,0,1014
621,0,149,0,277,0,8,0,0
622,0,148,67,401,0,3,0,0
623,0,148,0,210,0,5,0,0
624,0,148,0,670,0,4,0,0
625,0,148,0,415,0,8,0,0
626,0,148,0,835,0,5,0,0
627,0,148,0,1229,0,8,0,0
628,0,148,0,0,0,7,0,0
629,0,148,0,1061,0,8,0,0
630,0,148,0,242,0,5,0,0
631,0,148,0,507,0,5,0,0
632,0,148,0,323,0,5,0,0
633,0,148,0,0,0,7,0,0
634,0,148,0,276,0,8,0,0
635,0,0,0,826,0,5,0,1029
636,0,0,0,890,0,5,19,1042
637,0,0,0,891,0,5,19,1030
638,0,0,0,0,0,7,19,1054
639,0,0,0,514,0,3,0,1053
640,0,72,0,895,0,5,0,1052
641,0,0,0,896,0,5,0,1051
642,0,0,0,899,0,1,19,1050
643,0,0,0,0,0,7,0,1049
644,0,72,0,546,0,5,19,1048
645,0,0,0,932,0,5,19,1047
646,0,0,0,936,0,5,19,1046
647,0,0,0,936,0,5,19,1045
648,0,0,0,946,0,5,0,1044
649,0,0,0,947,0,9,19,1055
650,0,0,0,954,0,5,19,1043
651,0,0,0,957,0,9,0,1041
652,0,105,0,960,0,3,19,1040
653,0,0,0,964,0,5,0,1039
654,0,0,0,757,0,9,19,1038
655,0,0,0,968,0,8,0,1037
656,0,0,0,982,0,8,19,1036
657,0,0,0,765,0,7,19,1035
658,0,0,0,0,0,7,0,1034
659,0,0,0,959,0,5,19,1033
660,0,0,0,1054,0,5,0,1032
661,0,62,74,1330,0,5,19,1031
662,0,0,0,1061,0,8,19,1224
663,0,161,0,1064,0,7,0,1336
664,0,0,0,1065,0,7,0,1337
665,0,0,0,1066,0,7,0,1338
666,0,151,0,1234,0,8,19,1642
667,0,152,0,251,0,5,0,1641
668,0,120,0,1070,0,8,0,1640
669,0,120,0,1073,0,5,19,1639
670,0,0,0,1075,0,5,0,1638
671,0,161,0,1077,0,8,0,1637
672,0,0,0,1078,0,8,19,1636
673,0,0,0,1009,0,5,19,1635
674,0,0,0,79,0,5,19,1634
675,0,0,0,1094,0,5,0,1633
676,0,0,0,1098,0,5,19,1632
677,0,0,0,100,0,5,19,1643
678,0,0,0,1107,0,5,0,1631
679,0,0,0,1108,0,0,19,1629
680,0,0,0,1111,0,8,19,1628
681,0,161,0,1116,0,5,0,1627
682,0,0,0,0,0,7,0,1626
683,0,0,0,0,0,7,0,1625
684,0,0,0,1043,0,8,0,1624
685,0,0,0,0,0,7,0,1623
686,0,0,0,0,0,7,0,1622
687,0,0,0,1125,0,5,0,1621
688,0,120,0,224,0,5,0,1620
689,0,46,0,1129,0,8,19,1619
690,0,0,0,1102,0,5,19,1630
691,0,0,0,310,0,5,0,1645
692,0,0,0,1133,0,5,0,1658
693,0,0,0,803,0,8,19,1646
694,0,0,0,454,0,4,0,1670
695,0,0,0,1138,0,5,19,1669
696,0,0,0,1138,0,5,19,1668
697,0,0,21,1140,0,5,19,1667
698,0,0,0,1144,0,8,0,1666
699,0,0,51,1145,0,8,0,1665
700,0,0,0,1156,0,5,19,1664
701,0,56,0,1157,0,5,19,1663
702,0,0,0,1024,0,0,0,1662
703,0,0,0,1161,0,5,19,1661
704,0,161,0,0,0,7,0,1660
705,0,0,0,49,0,5,0,1671
706,0,105,0,35,0,1,0,1659
707,0,0,0,163,0,5,0,1657
708,0,0,0,369,0,5,19,1656
709,0,50,0,784,0,5,0,1655
710,0,161,0,1268,0,8,0,1654
711,0,0,0,1172,0,8,0,1653
712,0,0,0,1173,0,5,0,1652
713,0,0,138,1179,0,5,19,1651
714,0,0,0,610,1,5,0,1650
715,0,0,0,1129,0,8,19,1649
716,0,0,0,1187,0,8,0,1648
717,0,0,0,1188,0,5,0,1647
718,0,0,0,1192,0,5,19,1618
719,0,0,0,1199,0,5,0,1644
720,0,0,0,192,0,5,19,1617
721,0,0,0,267,0,5,0,1588
722,0,0,0,182,0,5,0,1586
723,0,0,0,1213,0,5,19,1585
724,0,0,0,1217,0,5,19,1584
725,0,161,0,1204,0,5,0,1583
726,0,105,0,1132,0,3,0,1582
727,0,0,0,1228,0,5,19,1581
728,0,0,0,525,0,5,19,1580
729,0,0,139,1233,0,5,19,1579
730,0,0,0,1235,0,3,19,1578
731,0,0,0,0,0,7,19,1577
732,0,146,0,1242,0,5,19,1576
733,0,105,0,1246,0,1,19,1587
734,0,0,0,375,0,5,0,1575
735,0,0,7,0,0,7,0,1573
736,0,0,82,398,0,8,0,1572
737,0,0,0,1249,0,5,0,1571
738,0,0,0,1330,0,5,0,1570
739,0,0,0,0,0,7,0,1569
740,0,0,0,665,0,5,19,1568
741,0,22,0,1254,0,5,19,1567
742,0,0,0,1255,0,5,19,1566
743,0,0,0,1256,0,5,19,1565
744,0,0,0,1257,0,8,0,1564
745,0,0,0,1259,0,8,19,1563
746,0,0,0,0,0,7,0,1574
747,0,0,0,0,0,7,0,1589
748,0,161,0,0,0,7,0,1602
749,0,0,0,468,0,5,0,1590
750,0,0,0,455,0,4,19,1614
751,0,0,0,792,0,5,19,1613
752,0,0,0,760,0,5,19,1612
753,0,0,0,1001,0,5,0,1611
754,0,0,0,538,0,5,0,1610
755,0,0,0,1222,0,5,19,1609
756,0,161,0,1277,0,8,19,1608
757,0,0,0,635,0,5,0,1607
758,0,59,0,811,0,5,19,1606
759,0,139,0,1051,0,5,19,1605
760,0,119,0,37,0,8,19,1604
761,0,0,0,1123,0,5,0,1615
762,0,0,137,199,0,3,0,1603
763,0,0,0,1293,0,5,19,1601
764,0,0,0,1296,0,5,19,1600
765,0,0,0,120,0,5,19,1599
766,0,0,0,0,0,7,0,1598
767,0,0,0,1230,0,5,19,1597
768,0,0,0,721,0,5,19,1596
769,0,0,0,1271,0,8,19,1595
770,0,0,0,0,0,7,0,1594
771,0,0,0,89,0,5,19,1593
772,0,0,0,1302,0,1,0,1592
773,0,0,0,345,0,7,19,1591
774,0,0,0,343,0,5,19,1616
775,0,0,133,797,0,0,0,1673
776,0,0,0,1313,0,5,19,1728
777,0,0,0,1317,0,5,19,1674
778,0,135,0,1318,0,3,19,1754
779,0,0,0,1046,0,8,0,1753
780,0,0,0,965,0,5,0,1752
781,0,0,0,1328,0,5,19,1751
782,0,0,0,1328,0,5,19,1750
783,0,0,0,1329,0,5,19,1749
784,0,0,0,1329,0,5,0,1748
785,0,0,0,1329,0,5,19,1747
786,0,0,0,1331,0,8,19,1746
787,0,0,0,1331,0,8,0,1745
788,0,0,0,1332,0,5,19,1744
789,0,0,0,1333,0,5,0,1755
790,0,0,0,1334,0,5,0,1743
791,0,0,0,959,0,5,0,1741
792,0,161,0,1337,0,5,0,1740
793,0,0,0,1342,0,8,19,1739
794,0,59,0,1343,0,5,19,1738
795,0,0,0,1344,0,5,19,1737
796,0,0,0,1346,0,5,19,1736
797,0,0,40,1354,0,5,0,1735
798,0,0,0,1355,0,5,19,1734
799,0,174,0,81,0,5,19,1733
800,0,58,141,1218,0,5,19,1732
801,0,0,0,1364,0,8,19,1731
802,0,0,0,512,0,5,19,1742
803,0,105,0,65,0,5,19,1757
804,0,0,0,1365,0,5,19,1770
805,0,0,0,637,1,5,0,1758
806,0,0,0,1367,0,5,19,1782
807,0,12,121,1368,0,5,19,1781
808,0,0,43,1370,0,5,19,1780
809,0,0,0,1372,0,5,19,1779
810,0,0,0,1375,0,8,0,1778
811,0,0,0,1377,0,5,0,1777
812,0,0,0,1380,0,8,19,1776
813,0,0,0,778,0,3,0,1775
814,0,0,0,0,0,7,0,1774
815,0,0,0,42,0,5,19,1773
816,0,0,0,0,0,7,19,1772
817,0,0,0,351,0,5,19,1783
818,0,0,0,544,0,5,19,1771
819,0,0,0,874,0,5,0,1769
820,0,0,0,1025,0,5,19,1768
821,0,0,0,604,1,5,19,1767
822,0,161,0,869,0,5,0,1766
823,1,0,0,1332,0,5,19,1765
824,1,0,0,0,0,7,24,1764
825,0,0,0,842,0,1,0,1763
826,0,0,0,810,0,5,19,1762
827,0,0,0,1328,0,5,19,1761
828,0,0,0,1139,0,5,19,1760
829,0,0,0,674,0,5,0,1759
830,0,52,0,952,0,8,0,1730
831,0,0,0,236,0,3,0,1756
832,0,0,0,1071,0,5,19,1729
833,0,161,0,0,0,7,19,1700
834,0,0,86,149,0,5,0,1698
835,0,0,0,1374,0,8,19,1697
836,0,0,0,750,0,8,19,1696
837,0,0,0,537,0,0,19,1695
838,0,0,0,290,0,5,19,1694
839,0,0,0,550,0,5,0,1693
840,0,0,0,288,0,5,19,1692
841,0,0,0,303,0,5,0,1691
842,0,0,0,1176,0,0,19,1690
843,0,0,0,0,0,7,19,1689
844,0,0,0,279,0,5,0,1688
845,0,0,0,8,0,8,19,1699
846,0,0,0,1259,0,8,19,1687
847,0,0,0,762,0,9,19,1685
848,0,0,0,561,0,8,19,1684
849,0,0,0,1013,0,5,19,1683
850,0,0,0,553,0,5,19,1682
851,0,0,0,230,0,5,19,1681
852,0,0,0,564,0,5,19,1680
853,1,0,0,680,0,8,24,1679
854,0,0,0,10,0,5,0,1678
855,0,0,0,149,0,5,0,1677
856,0,0,0,480,0,0,19,1676
857,0,0,0,1216,0,5,19,1675
858,0,0,0,913,0,5,19,1686
859,0,0,0,581,1,8,0,1701
860,0,0,0,54,0,5,0,1714
861,0,0,0,332,0,5,19,1702
862,0,0,0,42,0,5,19,1726
863,0,105,0,827,0,5,0,1725
864,0,0,0,547,0,5,17,1724
865,0,0,0,890,0,5,19,1723
866,0,0,0,769,0,5,19,1722
867,0,0,0,976,0,8,0,1721
868,1,0,0,898,0,5,24,1720
869,0,55,0,1172,0,8,19,1719
870,0,0,0,1351,0,5,19,1718
871,0,0,0,79,0,5,0,1717
872,0,0,0,278,0,8,19,1716
873,0,50,0,560,0,8,19,1727
874,0,0,0,285,0,5,0,1715
875,0,0,0,879,0,5,19,1713
876,0,0,0,0,0,7,0,1712
877,0,0,0,729,0,0,19,1711
878,0,0,0,506,0,5,19,1710
879,0,0,0,1003,0,5,19,1709
880,0,0,0,1163,0,8,0,1708
881,0,0,0,143,0,8,0,1707
882,0,0,0,971,0,5,0,1706
883,0,0,0,479,0,8,0,1705
884,0,0,49,735,0,5,0,1704
885,0,0,0,877,0,5,0,1703
886,0,0,0,878,0,8,0,1562
887,0,0,0,1143,0,8,0,1672
888,0,0,0,181,0,0,0,1561
889,0,0,0,495,0,4,0,1448
890,0,0,0,570,0,0,7,1418
891,0,0,0,334,0,5,19,1417
892,0,0,0,1323,0,9,0,1416
893,0,0,0,42,0,5,0,1415
894,0,0,0,557,0,5,19,1414
895,0,0,0,902,0,9,0,1413
896,0,0,0,1362,0,5,19,1412
897,0,0,0,136,0,3,7,1411
898,0,0,0,43,0,5,19,1410
899,0,170,0,1071,0,5,19,1409
900,0,0,0,82,0,5,0,1408
901,0,0,0,1184,0,8,0,1419
902,0,0,0,544,0,5,16,1407
903,0,0,0,36,0,1,0,1405
904,0,0,0,112,0,5,19,1404
905,0,104,0,529,0,5,19,1403
906,0,123,0,1296,0,5,19,1402
907,0,105,0,1315,0,3,0,1401
908,0,0,0,1238,0,5,19,1400
909,0,0,0,935,0,5,0,1399
910,0,0,0,703,0,0,19,1398
911,0,0,0,1146,0,8,19,1397
912,0,0,0,426,0,3,0,1396
913,0,0,0,1027,0,5,16,1395
914,0,0,0,1382,0,5,19,1406
915,0,0,0,485,0,0,0,1421
916,0,0,0,1357,0,8,0,1434
917,0,0,0,798,0,5,0,1422
918,0,0,0,401,0,3,19,1446
919,0,0,0,447,0,8,19,1445
920,0,0,0,335,0,7,19,1444
921,0,0,0,406,0,8,19,1443
922,0,0,0,1371,0,8,0,1442
923,0,0,0,1104,0,3,0,1441
924,0,0,0,1322,0,5,0,1440
925,0,161,0,668,0,4,0,1439
926,0,0,0,463,0,4,0,1438
927,0,0,0,938,0,3,0,1437
928,0,72,0,379,0,5,0,1436
929,0,161,0,80,0,5,0,1447
930,0,0,0,565,0,5,0,1435
931,0,0,0,0,0,7,0,1433
932,0,0,0,559,0,8,0,1432
933,0,105,0,1336,0,3,0,1431
934,0,0,0,0,0,7,0,1430
935,0,0,0,305,0,5,0,1429
936,0,161,0,80,0,5,0,1428
937,0,0,0,631,1,3,0,1427
938,0,0,0,465,0,4,0,1426
939,0,0,0,820,0,2,0,1425
940,0,0,0,0,0,7,0,1424
941,0,0,0,1201,0,8,0,1423
942,0,0,135,157,0,5,0,1394
943,0,0,0,1325,0,9,19,1420
944,0,0,69,509,0,5,19,1393
945,0,0,0,66,0,5,19,1364
946,0,0,0,1122,0,5,19,1362
947,0,0,0,0,0,7,19,1361
948,0,0,0,574,0,8,7,1360
949,0,0,0,1273,0,5,19,1359
950,0,0,88,1103,0,5,19,1358
951,0,0,0,0,0,7,19,1357
952,0,0,0,59,0,5,19,1356
953,0,0,0,1072,0,5,19,1355
954,0,0,0,1077,0,8,19,1354
955,1,0,0,126,0,5,24,1353
956,0,0,0,882,0,5,19,1352
957,0,0,0,564,0,5,19,1363
958,0,0,0,288,0,5,19,1351
959,0,0,0,616,1,8,19,1349
960,0,0,0,321,0,3,19,1348
961,0,0,0,286,0,8,19,1347
962,0,0,0,1381,0,5,19,1346
963,0,0,0,561,0,8,19,1345
964,0,0,0,885,0,3,12,1344
965,0,0,0,0,0,7,0,1343
966,0,0,0,107,0,8,19,1342
967,0,0,0,834,0,5,0,1341
968,0,0,0,482,0,6,19,1340
969,0,0,0,833,0,2,0,1339
970,0,0,0,0,0,7,19,1350
971,0,0,0,246,0,8,0,1365
972,0,105,0,0,0,7,0,1378
973,0,0,0,405,0,5,19,1366
974,0,0,0,571,0,1,7,1390
975,0,0,0,471,0,8,19,1389
976,0,0,0,74,0,5,19,1388
977,0,0,0,820,0,2,0,1387
978,0,105,0,0,0,7,0,1386
979,0,0,0,45,0,5,0,1385
980,0,105,0,0,0,7,0,1384
981,0,0,0,264,0,5,0,1383
982,0,0,0,497,0,4,19,1382
983,0,0,0,280,0,5,0,1381
984,1,0,0,0,0,7,24,1380
985,0,0,3,451,0,9,15,1391
986,0,0,0,844,0,1,7,1379
987,0,0,0,260,0,4,7,1377
988,0,0,0,274,0,8,13,1376
989,0,0,0,355,0,8,7,1375
990,0,0,0,561,0,8,7,1374
991,0,0,0,324,0,5,26,1373
992,0,0,0,690,0,8,7,1372
993,0,0,0,822,0,1,7,1371
994,0,0,0,544,0,5,13,1370
995,1,0,0,555,0,5,24,1369
996,0,0,0,557,0,5,26,1368
997,0,0,0,562,0,2,7,1367
998,1,0,0,645,1,8,24,1392
999,0,0,0,725,0,8,7,1449
1000,0,0,0,1175,0,0,7,1504
1001,1,0,0,1086,0,8,24,1450
1002,0,0,0,715,0,9,22,1530
1003,1,0,0,291,0,8,24,1529
1004,1,0,0,265,0,8,24,890
1005,0,0,0,32,0,1,7,1527
1006,0,0,0,32,0,1,7,1526
1007,1,0,0,0,1,7,24,1525
1008,1,0,0,767,0,5,24,1524
1009,1,0,0,1117,0,5,24,1523
1010,2,161,0,573,0,8,0,1522
1011,2,54,0,1050,0,5,0,1521
1012,2,169,0,587,0,5,0,1520
1013,2,161,0,112,0,5,0,1531
1014,2,0,106,392,0,8,0,1519
1015,2,0,0,168,0,3,0,1517
1016,2,153,0,489,0,5,0,1516
1017,2,0,0,83,0,5,0,1515
1018,2,72,0,557,0,5,0,1514
1019,2,161,0,988,0,5,0,1513
1020,2,0,0,905,0,5,20,1512
1021,2,0,0,909,0,5,0,1511
1022,2,0,0,167,0,5,28,1510
1023,2,0,0,1252,0,5,37,1509
1024,2,57,0,987,0,5,0,1508
1025,2,0,0,0,0,7,0,1507
1026,2,73,0,0,0,7,0,1518
1027,2,0,0,103,0,5,0,1533
1028,2,0,0,79,0,5,0,1546
1029,2,0,0,325,0,5,0,1534
1030,2,0,0,386,0,5,0,1558
1031,2,0,0,0,1,7,0,1557
1032,2,105,0,378,0,5,0,1556
1033,2,72,0,1224,0,5,0,1555
1034,2,0,0,433,0,5,0,1554
1035,2,153,0,1297,0,5,0,1553
1036,2,0,0,1205,0,5,0,1552
1037,2,161,0,1150,0,5,0,1551
1038,2,50,0,677,0,5,0,1550
1039,2,0,0,534,0,0,2,1549
1040,2,0,0,41,0,8,20,1548
1041,2,0,0,0,0,7,6,0
1042,2,161,0,378,0,5,0,1559
1043,2,0,0,734,0,5,0,1547
1044,2,0,0,0,0,7,0,1545
1045,2,0,0,79,1,5,25,1544
1046,2,0,0,57,1,5,37,1543
1047,2,147,0,1034,1,5,0,1542
1048,2,153,0,1034,1,5,0,1541
1049,2,0,0,382,1,8,0,1540
1050,2,0,0,105,1,3,0,1539
1051,2,0,0,0,1,7,0,1538
1052,2,0,0,23,1,8,0,1537
1053,2,0,0,834,1,5,0,1536
1054,2,105,0,699,1,3,0,1535
1055,2,153,0,0,0,7,0,1506
1056,2,0,0,1034,0,5,0,1532
1057,2,0,0,0,0,7,0,1505
1058,2,153,0,381,0,8,0,1476
1059,2,0,0,166,0,5,20,1474
1060,2,0,0,872,0,5,0,1473
1061,2,0,0,0,1,7,0,1472
1062,2,105,0,499,1,8,0,1471
1063,2,0,0,1308,1,5,0,1470
1064,2,161,0,1134,1,5,0,1469
1065,2,0,0,147,1,5,0,1468
1066,2,0,0,778,1,3,0,1467
1067,2,105,0,0,1,7,0,1466
1068,2,0,0,548,0,5,0,1465
1069,2,65,0,0,0,7,0,1464
1070,2,4,0,908,0,5,0,1475
1071,2,5,0,520,0,5,0,1463
1072,2,6,0,203,0,5,0,1461
1073,2,154,0,50,0,5,0,1460
1074,2,8,0,682,0,5,0,1459
1075,2,9,0,801,0,5,0,1458
1076,2,10,0,881,0,5,0,1457
1077,2,14,0,1200,0,8,20,1456
1078,2,19,0,27,0,1,0,1455
1079,2,20,0,121,0,5,0,1454
1080,2,21,0,1311,0,5,0,1453
1081,2,155,0,819,0,5,0,1452
1082,2,24,0,461,0,8,0,1451
1083,2,27,0,523,0,5,0,1462
1084,2,28,0,861,0,8,0,1477
1085,2,156,0,1179,0,5,0,1490
1086,2,30,0,1155,0,5,0,1478
1087,2,157,0,348,0,5,0,1502
1088,2,0,0,0,0,7,0,1501
1089,2,0,0,777,0,5,0,1500
1090,2,0,0,943,0,5,0,1499
1091,2,153,0,237,0,5,0,1498
1092,2,0,0,141,0,8,0,1497
1093,2,0,0,307,0,5,0,1496
1094,2,0,0,900,0,5,0,1495
1095,2,0,0,1112,0,8,0,1494
1096,2,177,0,805,0,3,0,1493
1097,2,0,0,364,0,8,0,1492
1098,2,0,0,709,0,8,0,1503
1099,2,0,0,0,0,7,6,0
1100,2,0,0,578,0,5,0,1491
1101,2,0,0,0,0,7,6,0
1102,2,0,0,980,0,8,0,1489
1103,2,153,0,1135,0,8,0,1488
1104,2,0,0,522,0,5,0,1487
1105,2,0,0,11,0,5,0,1486
1106,2,0,0,859,0,5,0,1485
1107,2,0,0,20,0,5,32,1484
1108,2,0,0,24,0,1,0,1483
1109,2,0,0,34,0,1,0,1482
1110,2,0,0,30,0,1,0,1481
1111,2,0,0,33,0,1,0,1480
1112,2,0,0,983,0,8,0,1479
1113,2,0,0,632,0,5,0,891
1114,2,0,0,1191,0,9,0,1560
1115,2,0,70,42,0,5,0,889
1116,2,0,0,42,0,5,0,709
1117,2,161,0,61,0,5,0,295
1118,2,0,0,63,0,5,0,294
1119,2,31,0,64,0,5,0,293
1120,2,0,135,483,0,5,0,292
1121,2,0,0,79,0,5,0,291
1122,2,72,0,79,0,5,0,290
1123,2,36,0,421,0,3,0,289
1124,2,0,14,719,0,5,20,288
1125,2,153,0,1131,0,8,0,287
1126,2,37,0,296,0,8,0,286
1127,2,37,0,174,0,5,0,285
1128,2,37,0,1172,0,1,0,296
1129,2,0,0,0,0,7,0,284
1130,2,0,20,1285,0,5,0,282
1131,2,161,2,1227,0,5,0,281
1132,2,0,22,354,0,5,0,280
1133,2,0,22,887,0,5,0,279
1134,2,130,0,288,0,5,0,278
1135,2,162,0,1345,0,5,0,277
1136,2,40,0,361,0,7,0,276
1137,2,41,0,1032,0,9,0,275
1138,2,42,0,1253,0,5,0,274
1139,2,43,0,643,0,5,0,273
1140,2,45,0,379,0,5,0,272
1141,2,47,0,894,0,3,0,283
1142,2,0,25,1298,0,5,0,297
1143,2,0,26,1020,0,5,0,298
1144,2,0,27,0,0,7,0,299
1145,2,130,29,118,0,5,0,324
1146,2,0,29,1058,0,5,0,323
1147,2,0,30,152,0,8,0,322
1148,2,0,31,0,0,7,0,321
1149,2,0,4,917,0,5,0,320
1150,2,0,33,151,0,0,0,319
1151,2,0,0,856,0,5,0,318
1152,2,0,36,1125,0,5,0,317
1153,2,49,0,992,0,5,0,316
1154,2,0,6,1285,0,5,0,315
1155,2,0,53,1143,0,8,0,314
1156,2,161,0,42,0,5,0,313
1157,2,0,0,393,0,8,0,312
1158,2,0,38,370,0,5,0,311
1159,2,105,39,930,0,2,0,310
1160,2,0,0,0,0,7,0,309
1161,2,153,10,79,0,5,0,308
1162,2,0,1,1053,0,5,0,307
1163,2,0,41,166,0,5,0,306
1164,2,50,0,1324,0,10,0,305
1165,2,0,44,677,0,5,0,304
1166,2,52,0,626,0,5,0,303
1167,2,106,140,0,0,7,0,302
1168,2,153,52,1300,0,1,0,301
1169,2,48,8,104,0,5,0,300
1170,2,0,0,367,0,5,0,271
1171,2,53,0,0,0,7,0,325
1172,2,0,55,814,0,5,20,270
1173,2,0,12,309,0,5,20,268
1174,2,0,54,927,0,0,0,238
1175,2,55,0,944,0,3,0,237
1176,2,0,0,196,0,5,20,236
1177,2,0,56,732,0,8,0,235
1178,2,0,61,698,0,5,14,234
1179,2,35,0,0,0,7,0,233
1180,2,163,0,1297,0,5,0,232
1181,2,0,62,0,0,7,0,231
1182,2,59,0,739,0,8,0,230
1183,2,153,0,835,0,5,0,229
1184,2,0,0,1195,0,5,0,228
1185,2,153,0,7,0,8,0,239
1186,2,0,0,1019,0,5,0,227
1187,2,0,0,206,0,5,0,225
1188,2,0,0,1244,0,5,0,224
1189,2,161,0,104,0,5,0,223
1190,2,55,0,1290,0,5,0,222
1191,2,0,0,1319,0,0,20,221
1192,2,0,0,386,0,5,0,220
1193,2,0,0,1361,0,8,0,219
1194,2,0,0,446,0,3,0,218
1195,2,0,0,112,0,5,0,217
1196,2,0,0,202,0,5,0,216
1197,2,0,0,1261,0,5,0,215
1198,2,0,0,1032,0,0,0,226
1199,2,0,0,1149,0,5,0,240
1200,2,0,0,1115,0,0,0,241
1201,2,0,0,1063,0,9,0,242
1202,2,0,0,368,0,0,0,267
1203,2,0,0,0,0,7,0,266
1204,2,0,0,124,1,5,0,265
1205,2,0,0,1149,0,5,0,264
1206,2,0,0,556,0,5,0,263
1207,2,0,0,556,0,5,0,262
1208,2,0,0,926,0,8,0,261
1209,2,0,0,79,0,5,0,260
1210,2,153,0,248,0,5,0,259
1211,2,105,0,1182,0,3,0,258
1212,2,0,0,160,0,5,37,257
1213,2,0,0,785,0,1,0,256
1214,2,0,0,135,0,5,0,255
1215,2,0,0,146,0,8,0,254
1216,2,0,0,137,0,5,0,253
1217,2,0,0,137,0,5,0,252
1218,2,0,0,139,0,5,0,251
1219,2,105,0,142,0,1,0,250
1220,2,0,0,143,0,1,0,249
1221,2,105,0,144,0,1,0,248
1222,2,0,0,145,0,8,0,247
1223,2,105,0,509,0,5,0,246
1224,2,71,65,1263,0,5,0,245
1225,2,153,0,153,0,8,0,244
1226,2,0,0,31,0,1,0,243
1227,2,0,0,1208,0,8,0,269
1228,2,0,0,154,1,5,0,326
1229,2,161,0,159,0,5,0,327
1230,2,0,0,162,0,5,0,328
1231,2,161,0,167,0,5,0,410
1232,2,0,0,170,0,5,0,409
1233,2,0,0,172,0,1,0,408
1234,2,0,0,888,0,5,0,407
1235,2,0,0,175,0,2,0,406
1236,2,0,0,178,0,3,0,405
1237,2,0,0,178,0,3,0,404
1238,2,0,0,179,0,5,0,403
1239,2,0,0,197,0,1,0,402
1240,2,0,0,200,0,8,0,401
1241,2,153,0,202,0,5,0,400
1242,2,0,0,205,0,5,0,399
1243,2,0,0,205,0,5,0,398
1244,2,130,0,827,0,5,0,397
1245,2,0,0,0,0,7,0,396
1246,2,0,0,169,0,5,0,395
1247,2,0,0,208,0,5,0,394
1248,2,0,0,209,0,5,0,393
1249,2,0,0,211,0,8,0,392
1250,2,153,0,212,0,5,0,391
1251,2,0,0,12,0,5,0,390
1252,2,0,0,215,0,5,0,389
1253,2,0,0,215,0,5,0,388
1254,2,0,0,217,0,5,0,387
1255,2,0,0,1085,0,5,0,386
1256,2,0,0,916,0,8,20,411
1257,2,0,0,227,0,5,0,413
1258,2,38,0,232,0,8,0,440
1259,2,0,0,233,0,5,0,414
1260,2,0,0,234,0,8,0,439
1261,2,0,0,235,0,5,0,438
1262,2,153,0,123,0,5,0,437
1263,2,52,0,779,0,8,0,436
1264,2,0,0,239,0,8,0,435
1265,2,74,0,931,0,5,0,434
1266,2,158,0,282,0,5,0,213
1267,2,0,0,0,0,7,0,432
1268,2,0,0,229,0,5,0,431
1269,2,0,0,79,0,5,0,430
1270,2,161,0,692,0,5,0,429
1271,2,0,0,0,0,7,0,428
1272,2,76,0,294,0,8,0,427
1273,2,50,0,727,0,9,0,426
1274,2,0,0,1296,0,5,0,425
1275,2,0,0,469,0,5,0,424
1276,2,0,0,1196,0,5,0,423
1277,2,161,0,1105,0,5,0,422
1278,2,0,0,1169,0,5,0,421
1279,2,37,0,1018,0,5,0,420
1280,2,0,0,886,0,5,0,419
1281,2,96,0,418,0,5,0,418
1282,2,164,0,509,0,5,0,417
1283,2,0,0,0,0,7,0,416
1284,2,0,0,259,0,5,0,415
1285,2,64,0,317,0,5,0,385
1286,2,0,0,1045,0,5,0,384
1287,2,0,0,613,0,8,0,383
1288,2,0,0,816,0,8,0,382
1289,2,0,0,1204,1,5,0,352
1290,2,0,0,0,1,7,6,0
1291,2,0,0,0,0,7,0,351
1292,2,0,0,371,0,9,0,350
1293,2,0,0,843,0,1,23,349
1294,2,0,0,372,0,5,0,348
1295,2,0,0,1150,0,5,0,347
1296,2,0,0,170,0,5,0,346
1297,2,178,0,542,0,8,0,345
1298,2,0,0,629,0,5,0,344
1299,2,0,0,787,0,5,1,343
1300,2,0,0,1084,0,5,20,342
1301,2,0,0,1165,0,1,0,353
1302,2,77,0,921,0,5,0,341
1303,2,153,0,1005,0,5,0,339
1304,2,0,0,987,0,5,0,338
1305,2,153,0,1034,0,5,0,337
1306,2,0,0,594,0,5,0,336
1307,2,0,0,991,0,5,0,335
1308,2,0,0,975,0,5,0,334
1309,2,0,0,207,0,7,0,333
1310,2,0,0,1188,0,5,0,332
1311,2,0,0,702,0,5,0,331
1312,2,153,0,281,0,5,0,330
1313,2,0,0,0,0,7,0,329
1314,2,100,0,846,0,5,0,340
1315,2,0,0,936,0,5,0,354
1316,2,153,0,897,0,5,0,355
1317,2,0,0,407,0,5,0,356
1318,2,0,0,143,0,1,0,381
1319,2,0,0,912,0,8,0,380
1320,2,0,0,166,0,5,0,379
1321,2,0,0,289,0,5,0,378
1322,2,105,0,292,0,8,0,377
1323,2,0,0,1185,0,8,0,376
1324,2,0,0,1285,0,5,0,375
1325,2,0,0,1358,0,5,0,374
1326,2,0,0,218,0,8,0,373
1327,2,0,0,1083,0,8,0,372
1328,2,0,0,1033,0,5,0,371
1329,2,0,0,1121,0,9,0,370
1330,2,0,0,372,0,5,20,369
1331,2,0,0,977,0,2,0,368
1332,2,0,0,311,0,5,0,367
1333,2,0,0,1122,0,5,0,366
1334,2,0,0,967,0,5,0,365
1335,2,0,0,1209,0,5,0,364
1336,2,0,0,306,0,5,0,363
1337,2,105,0,64,0,5,0,362
1338,2,153,0,0,0,7,0,361
1339,2,0,0,1149,0,5,0,360
1340,2,161,0,1040,0,5,0,359
1341,2,0,0,309,0,5,20,358
1342,2,0,0,316,0,2,0,357
1343,2,0,0,508,0,8,0,214
1344,2,0,0,67,0,5,0,412
1345,2,153,0,644,0,5,0,212
1346,2,0,0,341,0,5,0,175
1347,2,0,0,342,0,5,0,10
1348,2,0,0,347,0,5,0,11
1349,2,0,0,1214,0,5,0,12
1350,2,0,0,1092,0,8,0,13
1351,2,0,0,357,0,5,0,14
1352,2,50,0,358,0,5,0,15
1353,2,0,0,363,1,5,0,16
1354,2,0,0,365,0,5,0,17
1355,2,0,0,382,0,8,0,18
1356,2,0,0,395,0,8,0,19
1357,2,0,0,128,0,5,0,20
1358,2,0,0,298,0,5,0,21
1359,2,0,0,387,0,8,0,23
1360,2,0,0,536,0,5,0,36
1361,2,0,0,0,0,7,0,24
1362,2,0,0,1340,0,10,0,25
1363,2,0,0,0,0,7,0,26
1364,2,0,0,666,0,3,0,27
1365,2,0,0,1345,0,5,0,28
1366,2,0,0,346,0,5,0,29
1367,2,0,0,235,0,5,0,30
1368,2,0,0,676,0,2,0,31
1369,2,0,0,880,0,3,0,32
1370,2,0,0,0,0,7,0,33
1371,2,0,0,612,0,5,0,34
1372,2,0,0,1032,0,0,0,35
1373,2,0,0,13,0,7,0,8
1374,2,0,0,922,0,5,0,22
1375,2,0,0,600,0,5,0,7
1376,2,0,0,188,0,8,11,6
1377,2,0,0,989,0,5,36,2
1378,2,0,0,257,0,5,0,3
1379,2,0,0,1000,0,5,0,4
1380,2,0,0,93,0,5,0,5
1381,2,0,0,608,0,8,0,9
1382,2,153,0,1296,0,5,0,37
1383,2,0,0,1231,0,5,20,64
1384,2,153,0,989,0,5,0,39
1385,2,0,0,1379,0,5,34,67
1386,2,0,0,1279,0,5,0,73
1387,2,153,0,976,0,8,0,74
1388,2,0,0,108,0,5,0,75
1389,2,0,0,1007,0,5,0,88
1390,2,0,0,993,0,5,0,89
1391,2,0,0,911,0,5,0,42
1392,2,153,0,1033,0,5,0,43
1393,2,0,71,942,0,9,0,44
1394,2,161,71,943,0,5,0,46
1395,2,161,0,1304,0,5,0,47
1396,2,0,72,202,0,5,0,48
1397,2,0,72,1301,0,0,0,49
1398,2,0,73,187,0,9,0,50
1399,2,72,0,112,0,5,0,55
1400,2,0,0,200,0,8,0,56
1401,2,0,0,1149,0,5,0,57
1402,2,153,0,173,0,0,0,58
1403,2,0,0,37,0,8,20,59
1404,2,161,0,937,0,3,0,60
1405,2,161,0,986,0,3,0,61
1406,2,118,0,995,0,5,20,62
1407,2,0,104,829,0,1,0,1
1408,2,161,0,934,0,5,0,69
1409,2,0,17,363,0,5,0,54
1410,2,0,0,519,0,5,0,41
1411,2,0,0,407,0,5,0,40
1412,2,105,0,1320,0,1,0,63
1413,2,0,0,359,0,5,0,65
1414,2,0,0,136,0,3,0,90
1415,2,0,0,998,0,5,0,66
1416,2,0,0,1329,0,5,0,87
1417,2,0,0,1160,0,5,0,86
1418,2,0,0,679,0,5,0,85
1419,2,0,0,884,0,1,0,84
1420,2,0,0,385,1,8,0,83
1421,2,0,0,1291,0,8,0,82
1422,2,0,0,923,0,5,0,81
1423,2,0,0,836,0,5,0,80
1424,2,175,0,123,0,5,0,79
1425,2,0,0,373,0,5,3,78
1426,2,161,0,839,0,5,0,77
1427,2,0,0,864,0,5,0,76
1428,2,0,0,202,0,5,20,53
1429,2,0,0,619,0,5,0,52
1430,2,0,0,202,0,5,38,51
1431,2,0,0,1151,0,3,0,45
1432,2,0,0,184,0,8,0,72
1433,2,0,0,948,0,5,0,71
1434,2,130,0,814,0,5,0,70
1435,2,0,0,1204,0,5,0,38
1436,2,0,0,1138,0,5,4,68
1437,2,0,0,780,0,5,0,91
1438,2,0,0,332,0,5,0,211
1439,2,0,0,486,0,5,0,93
1440,2,161,0,0,0,7,0,179
1441,2,0,0,1333,0,5,0,178
1442,2,0,0,1009,0,5,0,177
1443,2,0,0,629,1,5,0,176
1444,2,0,0,524,0,1,0,174
1445,2,161,0,427,0,5,0,173
1446,2,153,0,887,0,5,0,172
1447,2,0,0,749,0,8,0,171
1448,2,0,0,1219,0,5,0,170
1449,2,0,0,722,0,5,20,169
1450,2,0,0,0,0,7,0,168
1451,2,0,0,611,1,1,0,180
1452,2,0,0,1299,1,5,0,167
1453,2,0,0,139,0,5,0,165
1454,2,161,0,728,1,5,0,164
1455,2,0,0,961,0,5,0,163
1456,2,0,0,1189,0,5,0,162
1457,2,0,0,0,0,7,0,161
1458,2,0,0,0,0,7,6,0
1459,2,0,0,42,0,5,0,160
1460,2,7,0,0,0,7,0,159
1461,2,0,0,1034,0,5,0,158
1462,2,0,0,419,0,5,0,157
1463,2,0,0,420,0,5,0,156
1464,2,161,0,258,0,5,0,155
1465,2,0,0,734,0,5,0,154
1466,2,153,0,790,0,5,0,166
1467,2,0,0,533,0,3,0,181
1468,2,0,0,800,0,3,0,182
1469,2,0,0,860,0,5,0,183
1470,2,0,0,1133,0,5,0,210
1471,2,0,0,434,0,3,0,209
1472,2,0,0,435,0,9,0,208
1473,2,0,0,620,0,8,0,207
1474,2,0,0,1045,0,5,0,206
1475,2,123,0,615,0,5,0,205
1476,2,131,0,934,0,5,0,204
1477,2,0,0,459,0,8,0,203
1478,2,153,0,1335,0,5,0,202
1479,2,0,0,1353,0,5,0,201
1480,2,0,0,551,0,5,0,200
1481,2,0,0,122,0,5,0,199
1482,2,0,0,710,0,5,0,198
1483,2,0,0,1006,0,5,0,197
1484,2,0,0,1034,0,5,14,196
1485,2,0,0,138,0,5,0,195
1486,2,0,0,1329,0,5,0,194
1487,2,0,0,384,0,8,0,193
1488,2,0,0,1359,0,5,0,192
1489,2,0,0,1333,0,5,0,191
1490,2,121,0,868,0,5,0,190
1491,2,0,0,1205,0,5,0,189
1492,2,50,0,1282,0,5,0,188
1493,2,0,0,771,0,5,0,187
1494,2,0,0,1034,0,5,0,186
1495,2,0,0,417,0,5,0,185
1496,2,0,0,125,0,5,0,184
1497,2,0,0,201,0,5,0,153
1498,2,0,0,716,0,5,35,152
1499,2,0,0,1267,0,5,0,151
1500,2,0,0,314,0,5,0,121
1501,2,0,0,0,0,7,0,119
1502,2,0,0,0,0,7,0,118
1503,2,0,83,1052,0,5,0,117
1504,2,122,0,1236,0,5,0,116
1505,2,0,0,90,0,5,0,115
1506,2,153,0,127,0,5,0,114
1507,2,0,0,527,0,5,0,113
1508,2,0,0,672,0,4,0,112
1509,2,176,0,836,0,5,0,111
1510,2,153,0,836,0,5,0,110
1511,2,0,0,961,0,5,0,109
1512,2,0,0,1091,0,5,0,108
1513,2,105,0,462,0,4,0,120
1514,2,0,0,137,0,5,9,107
1515,2,0,0,720,0,5,0,105
1516,2,0,0,131,0,3,0,104
1517,2,0,0,870,0,1,0,103
1518,2,0,0,197,0,8,0,102
1519,2,153,0,892,0,5,0,101
1520,2,0,0,389,0,5,0,100
1521,2,75,0,592,0,1,0,99
1522,2,0,0,828,0,5,0,98
1523,2,0,0,1090,0,5,0,97
1524,2,0,0,1127,0,5,0,96
1525,2,105,0,854,0,1,0,95
1526,2,34,0,1174,0,5,0,94
1527,2,161,0,794,0,5,0,106
1528,2,0,0,313,0,1,0,122
1529,2,0,0,55,0,5,0,136
1530,2,0,91,277,0,8,0,123
1531,2,0,0,1036,0,3,31,149
1532,2,123,0,1181,0,5,0,148
1533,2,159,0,1283,0,5,0,147
1534,2,128,0,809,0,1,0,146
1535,2,153,0,117,0,5,0,145
1536,2,0,93,1136,0,5,0,144
1537,2,0,94,219,0,8,0,143
1538,2,0,0,940,0,9,0,142
1539,2,153,97,190,0,5,0,141
1540,2,153,99,1178,0,5,0,140
1541,2,0,100,1285,0,5,0,139
1542,2,179,102,48,0,5,0,138
1543,2,0,104,0,0,7,0,150
1544,2,0,104,0,0,7,0,137
1545,2,0,104,981,0,0,0,135
1546,2,153,0,1335,0,5,0,134
1547,2,0,0,897,0,5,0,133
1548,2,0,0,1002,0,5,0,132
1549,2,130,0,289,0,5,0,131
1550,2,130,0,720,0,5,0,130
1551,2,0,111,737,0,5,0,129
1552,2,0,112,1101,0,5,0,128
1553,2,0,115,904,0,5,0,127
1554,2,0,117,198,0,8,0,126
1555,2,0,119,1162,0,8,0,125
1556,2,153,120,578,0,5,0,124
1557,2,161,0,484,0,5,0,433
1558,2,0,0,487,0,5,0,441
1559,2,0,0,1352,0,5,0,665
1560,2,0,0,492,0,0,0,443
1561,2,0,0,493,0,5,0,747
1562,2,0,0,496,0,4,0,746
1563,2,0,0,503,0,4,0,745
1564,2,0,0,1085,0,5,0,744
1565,2,136,0,271,0,5,0,743
1566,2,137,0,651,0,5,0,742
1567,2,0,0,500,0,4,0,741
1568,2,0,0,516,0,5,27,740
1569,2,0,0,521,0,5,0,739
1570,2,0,0,523,0,5,0,738
1571,2,0,0,1149,0,5,0,737
1572,2,0,0,158,0,5,0,748
1573,2,0,0,1085,0,5,0,736
1574,2,0,0,183,0,3,0,734
1575,2,0,0,578,0,5,0,733
1576,2,0,0,561,0,8,0,732
1577,2,0,0,568,0,5,0,731
1578,2,161,0,577,0,1,0,730
1579,2,0,0,578,0,5,0,729
1580,2,0,0,582,0,1,0,728
1581,2,0,0,617,0,3,0,727
1582,2,0,0,618,0,8,0,726
1583,2,0,0,621,0,4,0,725
1584,2,153,0,622,0,4,0,724
1585,2,0,0,624,0,8,0,735
1586,2,0,0,628,0,1,0,750
1587,2,0,0,638,0,5,0,763
1588,2,0,0,641,0,5,0,751
1589,2,161,0,658,0,5,0,775
1590,2,0,0,203,0,5,20,774
1591,2,0,0,84,0,5,0,773
1592,2,0,0,374,0,1,0,772
1593,2,0,0,998,0,5,0,771
1594,2,0,0,955,0,5,0,770
1595,2,0,0,0,0,7,0,769
1596,2,161,0,627,0,5,0,768
1597,2,105,0,1203,0,5,0,767
1598,2,0,0,607,0,8,0,766
1599,2,0,0,596,0,5,0,765
1600,2,0,0,648,0,5,0,776
1601,2,0,0,633,0,1,0,764
1602,2,0,0,654,0,9,0,762
1603,2,138,0,939,0,5,0,761
1604,2,0,0,0,0,7,0,760
1605,2,0,0,669,0,4,0,759
1606,2,0,0,140,0,5,0,758
1607,2,0,0,257,0,5,0,757
1608,2,0,0,257,0,5,0,756
1609,2,161,0,681,0,5,0,755
1610,2,0,0,1202,0,8,0,754
1611,2,0,0,137,0,5,0,753
1612,2,0,0,697,0,5,0,752
1613,2,0,124,1106,0,5,0,723
1614,2,0,0,100,0,5,0,749
1615,2,0,0,1093,0,5,0,722
1616,2,0,0,137,0,5,0,693
1617,2,161,0,202,0,5,0,691
1618,2,0,0,318,0,5,0,690
1619,2,0,0,373,0,5,0,689
1620,2,161,0,432,0,5,0,688
1621,2,0,0,523,0,5,0,687
1622,2,0,0,688,0,5,0,686
1623,2,0,0,694,0,5,0,685
1624,2,0,0,743,0,5,0,684
1625,2,0,0,774,0,5,0,683
1626,2,0,0,782,0,5,0,682
1627,2,0,0,799,0,5,0,681
1628,2,153,0,825,0,5,0,692
1629,2,39,0,25,0,1,0,680
1630,2,72,0,888,0,5,0,678
1631,2,0,0,1032,0,0,0,677
1632,2,0,0,963,0,5,0,676
1633,2,0,0,1034,0,5,0,675
1634,2,0,0,1034,0,5,0,674
1635,2,0,0,338,0,5,0,673
1636,2,0,0,1335,0,5,0,672
1637,2,105,0,28,0,1,0,671
1638,2,0,0,57,0,5,0,670
1639,2,0,0,110,0,5,0,669
1640,2,0,0,135,0,5,0,668
1641,2,0,0,723,0,5,0,679
1642,2,0,0,552,0,5,0,694
1643,2,0,0,835,0,5,0,707
1644,2,0,0,910,0,5,0,695
1645,2,0,0,914,0,5,0,719
1646,2,0,0,987,0,5,0,718
1647,2,0,0,1004,0,5,0,717
1648,2,153,0,1084,0,5,0,716
1649,2,0,0,268,0,5,0,715
1650,2,0,0,1139,0,5,8,714
1651,2,0,0,1202,0,8,0,713
1652,2,0,0,1042,0,8,0,712
1653,2,0,0,1286,0,5,0,711
1654,2,0,0,1348,0,8,0,710
1655,2,0,0,1368,0,5,0,442
1656,2,0,0,204,0,5,0,720
1657,2,0,0,897,0,5,0,708
1658,2,0,0,1039,0,5,0,706
1659,2,0,0,1052,0,5,20,705
1660,2,0,0,1140,0,5,20,704
1661,2,0,0,1287,0,5,0,703
1662,2,0,0,1287,0,5,0,702
1663,2,0,0,1334,0,5,0,701
1664,2,0,0,1369,0,5,0,700
1665,2,161,0,102,0,5,0,699
1666,2,0,0,1183,0,5,0,698
1667,2,0,0,0,0,7,0,697
1668,2,0,0,0,0,7,0,696
1669,2,105,0,768,0,3,0,721
1670,2,0,0,713,0,5,0,778
1671,2,0,0,262,0,4,0,833
1672,2,0,0,726,0,8,10,779
1673,2,0,0,731,0,5,0,859
1674,2,105,0,738,0,1,0,858
1675,2,0,0,748,0,5,0,857
1676,2,0,0,750,0,8,0,856
1677,2,0,0,1034,0,5,0,855
1678,2,0,0,0,0,7,0,854
1679,2,0,0,0,0,7,0,853
1680,2,0,0,301,0,5,0,852
1681,2,141,0,1034,0,5,0,851
1682,2,0,0,834,0,5,0,850
1683,2,0,0,78,0,5,0,849
1684,2,0,0,759,0,5,0,860
1685,2,142,0,1243,0,5,0,848
1686,2,143,0,438,0,5,0,846
1687,2,107,0,315,0,1,0,845
1688,2,145,0,1150,0,5,0,844
1689,2,125,0,987,0,5,0,843
1690,2,126,0,1288,0,5,0,842
1691,2,0,0,0,0,7,0,841
1692,2,0,0,0,0,7,6,0
1693,2,0,0,775,0,5,0,840
1694,2,73,0,958,0,5,0,839
1695,2,0,0,696,0,1,0,838
1696,2,0,129,746,0,5,0,837
1697,2,0,129,1286,0,5,0,836
1698,2,0,0,331,0,5,0,847
1699,2,0,132,1295,0,0,0,862
1700,2,0,0,378,0,5,0,875
1701,2,0,0,1022,0,5,0,863
1702,2,0,0,783,0,1,0,887
1703,2,161,0,791,0,5,0,886
1704,2,153,0,1292,0,5,0,885
1705,2,0,0,956,0,5,0,884
1706,2,0,0,1356,0,5,0,883
1707,2,0,0,817,0,5,0,882
1708,2,0,0,821,0,1,0,881
1709,2,0,0,823,0,8,0,880
1710,2,0,0,823,0,8,0,879
1711,2,153,0,825,0,5,0,878
1712,2,0,0,830,0,3,0,877
1713,2,0,0,831,0,8,0,888
1714,2,153,0,834,0,5,0,876
1715,2,0,0,834,0,5,0,874
1716,2,161,0,835,0,5,0,873
1717,2,0,0,835,0,5,0,872
1718,2,105,0,837,0,1,0,871
1719,2,0,0,256,0,5,0,870
1720,2,147,0,707,0,8,0,869
1721,2,0,0,841,0,1,0,868
1722,2,0,0,847,0,3,0,867
1723,2,0,0,443,0,5,0,866
1724,2,105,0,0,0,7,0,865
1725,2,0,0,851,0,5,21,864
1726,2,123,0,373,0,5,0,835
1727,2,0,0,863,0,5,0,861
1728,2,0,0,580,0,5,20,834
1729,2,0,0,46,0,5,0,805
1730,2,0,0,156,0,5,0,803
1731,2,0,0,1204,0,5,0,802
1732,2,0,0,0,0,7,0,801
1733,2,0,0,266,0,7,0,800
1734,2,150,0,777,0,5,0,799
1735,2,150,0,900,0,5,0,798
1736,2,150,0,1100,0,8,0,797
1737,2,0,0,88,0,5,0,796
1738,2,153,0,403,0,5,0,795
1739,2,0,0,655,0,5,0,794
1740,2,0,0,884,0,1,0,793
1741,2,0,0,883,0,1,0,804
1742,2,0,0,378,0,5,0,792
1743,2,0,0,900,0,5,0,790
1744,2,153,0,900,0,5,0,789
1745,2,123,0,900,0,5,0,788
1746,2,0,0,903,0,5,0,787
1747,2,0,0,903,0,5,0,786
1748,2,161,0,905,0,5,0,785
1749,2,0,0,906,0,5,0,784
1750,2,0,0,929,0,8,0,783
1751,2,0,0,1081,0,5,0,782
1752,2,0,0,249,0,3,0,781
1753,2,72,0,1284,0,0,0,780
1754,2,0,0,0,0,7,0,791
1755,2,153,0,1019,0,5,0,806
1756,2,153,0,915,0,5,0,819
1757,2,0,0,563,0,5,0,807
1758,2,0,0,744,0,8,0,831
1759,2,165,0,918,0,5,0,830
1760,2,0,0,919,0,5,0,829
1761,2,105,0,928,0,1,0,828
1762,2,0,0,924,0,1,0,827
1763,2,0,0,0,0,7,0,826
1764,2,0,0,934,0,5,0,825
1765,2,153,0,934,0,5,0,824
1766,2,132,0,934,0,5,0,823
1767,2,0,0,934,0,5,0,822
1768,2,0,0,941,0,5,0,821
1769,2,105,0,945,0,1,0,832
1770,2,0,0,119,0,5,18,820
1771,2,161,0,966,0,5,0,818
1772,2,134,0,969,0,5,0,817
1773,2,0,0,973,0,5,0,816
1774,2,0,0,974,0,5,0,815
1775,2,0,0,998,0,5,0,814
1776,2,0,0,998,0,5,0,813
1777,2,72,0,998,0,5,0,812
1778,2,105,0,987,0,5,0,811
1779,2,0,0,989,0,5,0,810
1780,2,0,0,989,0,5,0,809
1781,2,0,0,990,0,5,0,808
1782,2,0,0,504,0,4,0,667
1783,2,0,0,428,0,5,0,777
1784,2,105,0,1031,0,1,0,666
1785,2,0,0,1031,0,1,0,553
1786,2,0,0,818,0,1,0,523
1787,2,0,0,1034,0,5,0,522
1788,2,0,0,1035,0,1,0,521
1789,2,0,0,1038,0,5,0,520
1790,2,0,0,1041,0,8,0,519
1791,2,0,0,1041,0,8,0,518
1792,2,0,0,1041,0,8,0,517
1793,2,0,0,1047,0,8,0,516
1794,2,0,0,701,0,5,0,515
1795,2,0,0,1124,0,8,0,514
1796,2,0,0,1049,0,5,5,513
1797,2,0,0,1056,0,5,0,524
1798,2,105,0,1055,0,8,0,512
1799,2,152,0,235,0,5,0,510
1800,2,0,0,0,0,7,0,509
1801,2,105,0,1309,0,3,0,508
1802,2,0,0,0,0,7,0,507
1803,2,0,0,949,0,5,0,506
1804,2,0,0,1079,0,1,0,505
1805,2,0,0,1085,0,5,0,504
1806,2,153,0,1089,0,5,0,503
1807,2,32,0,1089,0,5,0,502
1808,2,0,0,1095,0,5,0,501
1809,2,0,0,1096,0,5,0,500
1810,2,0,0,1097,0,5,0,511
1811,2,153,0,1034,0,5,0,526
1812,2,153,0,1082,0,1,0,539
1813,2,127,0,934,0,5,0,527
1814,2,165,0,379,0,5,0,551
1815,2,0,0,900,0,5,0,550
1816,2,0,0,1114,0,5,0,549
1817,2,0,0,0,0,7,0,548
1818,2,161,0,961,0,5,0,547
1819,2,0,0,733,0,5,0,546
1820,2,0,0,171,0,1,0,545
1821,2,0,0,0,0,7,33,544
1822,2,0,0,457,0,4,0,543
1823,2,0,0,215,0,5,0,542
1824,2,50,0,634,0,1,0,541
1825,2,0,0,595,0,5,29,552
1826,2,0,0,920,0,5,0,540
1827,2,153,0,1296,0,5,0,538
1828,2,0,0,1285,0,5,0,537
1829,2,0,0,404,0,5,0,536
1830,2,0,0,148,0,5,0,535
1831,2,0,0,202,0,5,0,534
1832,2,0,0,284,0,5,0,533
1833,2,161,0,0,0,7,0,532
1834,2,0,0,984,0,5,20,531
1835,2,44,0,1128,0,5,0,530
1836,2,0,0,104,0,5,0,529
1837,2,13,0,57,0,5,0,528
1838,2,0,0,320,0,2,0,499
1839,2,0,0,813,0,5,30,525
1840,2,0,0,1335,0,5,0,498
1841,2,0,0,0,0,7,6,0
1842,2,0,0,1138,0,5,0,469
1843,2,0,0,1139,0,5,0,467
1844,2,0,0,1140,0,5,0,466
1845,2,0,0,1347,0,8,0,465
1846,2,105,0,691,0,1,0,464
1847,2,161,0,1088,0,5,0,463
1848,2,161,0,1149,0,5,0,462
1849,2,0,0,1150,0,5,0,461
1850,2,0,0,836,0,5,0,460
1851,2,0,0,871,0,5,0,459
1852,2,0,0,1153,0,5,0,458
1853,2,0,0,1154,0,5,0,457
1854,2,0,0,951,0,8,0,468
1855,2,166,0,1105,0,5,0,456
1856,2,166,0,705,0,5,0,454
1857,2,166,0,169,0,5,0,453
1858,2,166,0,903,0,5,0,452
1859,2,166,0,275,0,8,0,451
1860,2,166,0,796,0,3,0,450
1861,2,166,0,897,0,5,0,449
1862,2,166,0,998,0,5,0,448
1863,2,166,0,1379,0,5,0,447
1864,2,105,0,0,0,7,0,446
1865,2,0,0,1167,0,8,0,445
1866,2,0,0,1043,0,8,0,444
1867,2,0,0,1172,0,8,0,455
1868,2,0,0,132,0,5,0,470
1869,2,0,0,1178,0,5,0,483
1870,2,0,0,1083,0,5,0,471
1871,2,153,0,1044,0,5,0,495
1872,2,0,0,1186,0,1,0,494
1873,2,0,0,1190,0,5,0,493
1874,2,0,0,987,0,5,0,492
1875,2,102,0,1177,0,5,0,491
1876,2,0,0,1194,0,8,0,490
1877,2,0,0,1206,0,3,0,489
1878,2,0,0,1207,0,8,0,488
1879,2,0,0,1215,0,5,0,487
1880,2,0,0,1226,0,5,0,486
1881,2,0,0,1231,0,5,0,485
1882,2,0,0,1232,0,5,0,496
1883,2,0,0,933,0,9,0,484
1884,2,0,0,0,0,7,0,482
1885,2,0,0,0,0,7,0,481
1886,2,105,0,950,0,1,0,480
1887,2,0,0,979,0,3,0,479
1888,2,72,0,649,0,4,0,478
1889,2,161,0,42,0,5,0,477
1890,2,0,0,0,0,7,0,476
1891,2,161,0,379,0,5,0,475
1892,2,0,0,129,0,5,20,474
1893,2,0,0,42,0,5,0,473
1894,2,0,0,76,0,5,0,472
1895,2,153,0,845,0,1,0,497
1896,2,167,0,789,0,5,0,554
1897,2,168,0,972,0,5,0,609
1898,2,0,18,824,0,1,0,555
1899,2,0,0,1017,0,1,0,635
1900,2,105,0,106,0,1,0,634
1901,2,0,0,706,0,3,0,633
1902,2,0,0,1197,0,8,0,632
1903,2,0,0,0,0,7,0,631
1904,2,0,0,1012,0,5,0,630
1905,2,0,0,1149,0,5,0,629
1906,2,0,0,1272,0,5,0,628
1907,2,0,0,542,0,8,0,627
1908,2,0,0,517,0,1,0,626
1909,2,0,0,1034,0,5,0,625
1910,2,0,0,64,0,5,0,636
1911,2,105,0,26,0,1,0,624
1912,2,0,0,0,0,7,0,622
1913,2,0,0,905,0,5,0,621
1914,2,0,0,14,0,5,0,620
1915,2,161,0,1120,0,5,0,619
1916,2,0,0,873,0,5,0,618
1917,2,0,0,42,0,5,0,617
1918,2,0,0,64,0,5,0,616
1919,2,0,0,1020,0,5,0,615
1920,2,0,0,748,0,5,0,614
1921,2,0,0,802,0,1,0,613
1922,2,153,0,748,0,5,0,612
1923,2,0,0,1286,0,5,0,623
1924,2,0,0,1289,0,1,0,638
1925,2,108,0,1294,0,8,0,651
1926,2,0,0,1296,0,5,0,639
1927,2,0,0,1296,0,5,0,663
1928,2,0,0,1297,0,5,0,662
1929,2,0,0,115,0,5,0,661
1930,2,105,0,928,0,1,0,660
1931,2,0,0,194,0,5,0,659
1932,2,0,0,502,0,4,0,658
1933,2,0,0,1327,0,9,0,657
1934,2,0,0,1330,0,5,0,656
1935,2,0,0,1333,0,5,0,655
1936,2,0,0,1338,0,5,0,654
1937,2,0,0,786,0,1,0,653
1938,2,0,0,778,0,3,0,664
1939,2,0,0,875,0,5,0,652
1940,2,171,0,730,0,5,0,650
1941,2,172,0,737,0,5,0,649
1942,2,173,0,1339,0,5,0,648
1943,2,0,0,838,0,3,0,647
1944,2,0,0,812,0,5,0,646
1945,2,61,0,202,0,5,20,645
1946,2,0,0,1360,0,8,0,644
1947,2,161,0,840,0,5,0,643
1948,2,0,0,401,0,3,0,642
1949,2,0,0,925,0,1,0,641
1950,2,0,0,1029,0,5,0,640
1951,2,153,0,238,0,3,0,611
1952,2,153,0,198,0,8,0,637
1953,2,0,0,0,0,7,0,610
1954,2,179,0,1021,0,5,0,581
1955,2,179,0,591,0,5,0,579
1956,2,0,0,860,0,5,0,578
1957,2,127,0,1296,0,5,0,577
1958,2,0,0,996,0,5,0,576
1959,2,0,0,98,0,5,0,575
1960,2,0,0,900,0,5,0,574
1961,2,0,0,1376,0,5,0,573
1962,2,0,0,247,0,5,0,572
1963,2,0,0,0,0,7,0,571
1964,2,0,0,0,0,7,0,570
1965,2,0,0,186,0,8,0,569
1966,2,0,0,1037,0,1,0,580
1967,2,0,0,1149,0,5,0,568
1968,2,0,0,3,0,8,0,566
1969,2,105,0,35,0,1,0,565
1970,2,0,0,35,0,1,0,564
1971,2,0,0,42,0,5,0,563
1972,2,72,0,57,0,5,0,562
1973,2,0,0,824,0,1,0,561
1974,2,153,0,147,0,5,0,560
1975,2,0,0,155,0,5,0,559
1976,2,153,0,202,0,5,0,558
1977,2,0,0,215,0,5,0,557
1978,2,0,0,656,0,8,0,556
1979,2,105,0,832,0,1,0,567
1980,2,0,0,304,0,5,0,582
1981,2,0,0,337,0,5,0,595
1982,2,123,0,353,0,5,0,583
1983,2,0,0,997,0,1,0,607
1984,2,0,0,1345,0,5,0,606
1985,2,0,0,0,0,7,0,605
1986,2,0,0,593,0,5,30,604
1987,2,0,0,639,0,5,27,603
1988,2,161,0,678,0,5,0,602
1989,2,161,0,636,0,8,0,601
1990,2,144,0,737,0,5,0,600
1991,2,0,0,737,0,5,0,599
1992,2,0,0,774,0,5,0,598
1993,2,0,0,788,0,5,0,597
1994,2,0,0,862,0,5,0,608
1995,2,0,0,893,0,5,0,596
1996,2,161,0,895,0,5,0,594
1997,2,0,0,1030,0,5,0,593
1998,2,123,0,1034,0,5,0,592
1999,2,0,0,1034,0,5,0,591
2000,2,161,0,1046,0,8,0,590
2001,2,0,0,393,0,8,0,589
2002,2,153,0,1138,0,5,0,588
2003,2,105,0,1148,0,1,0,587
2004,2,0,0,378,0,5,0,586
2005,2,0,0,1241,0,5,0,585
2006,2,123,0,1211,0,5,0,584
2007,2,0,0,1296,0,5,0,1528
2008,2,0,0,1298,0,5,0,1784
